Zincir 1,Zincir 2,Küçük Moleküllere Baglanan Temas Halindeki Ara Yüzey Amino Asitleri (Zincir 1),"Küçük Moleküllere Baglanan Yakin Ara 
Yüzey Amino Asitleri (Zincir 1)",Küçük Moleküllere Baglanan Temas Halindeki Ara Yüzey Amino Asitleri (Zincir 2),"Küçük Moleküllere Baglanan Yakin Ara 
Yüzey Amino Asitleri (Zincir 2)",Temas Halindeki Ara Yüzey Amino Asitleri (Zincir 1),"Yakin Ara 
Yüzey Amino Asitleri (Zincir 1)",Temas Halindeki Ara Yüzey Amino Asitleri (Zincir 2),"Yakin Ara 
Yüzey Amino Asitleri (Zincir 2)",Ortalama Consurf Degerleri (Zincir 1),Ortalama Consurf Degeri (Zincir 2)
4DFRA,4DFRB,9,7,-,-,5.5,5,5.6,5.2,5.132075472,5.132075472
1DRAA,1DRAB,8,7,-,-,5.470588235,5.8,5.466666667,5.3,5.194968553,5.194968553
1DRBA,1DRBB,9,7,-,-,5.470588235,5.111111111,5.6,4.8,5.157232704,5.157232704
2DRCA,2DRCB,9,7,-,-,5.529411765,5.545454545,5.5,5.1,5.182389937,5.182389937
3DRCA,3DRCB,9,7,-,-,5.882352941,5.222222222,5.933333333,5.1,5.27672956,5.27672956
1DHIA,1DHIB,8,7,-,-,5.411764706,5,5.285714286,4.9,5.100628931,5.100628931
1DHJA,1DHJB,8,7,-,-,5.588235294,5.7,5.666666667,5.1,5.150943396,5.150943396
1DYIA,1DYIB,-,8,-,-,5.875,5.5,5.857142857,5.1,5.27672956,5.27672956
1DYJA,1DYJB,7,7,-,-,5.944444444,5,5.857142857,5.1,5.27672956,5.27672956
1TLCA,1TLCB,9,8.5,9,-,5.436363636,5.711538462,5.418181818,5.68,5.143939394,5.143939394
1TDRA,1TDRB,-,7,-,-,5.5,5.333333333,5.6,5.2,5.132075472,5.132075472
1DDSA,1DDSB,-,8,-,-,5.882352941,5.444444444,5.933333333,5.3,5.264150943,5.264150943
1DDRA,1DDRB,9,7.75,-,-,5.882352941,5.8,5.933333333,5.636363636,5.264150943,5.264150943
1TSDA,1TSDB,9,8.428571429,9,-,5.518518519,5.654545455,5.471698113,5.615384615,5.143939394,5.143939394
1SYNA,1SYNB,9,8.5,9,-,5.58,5.660377358,5.557692308,5.518518519,5.143939394,5.143939394
1RE7A,1RE7B,-,8,-,-,5.857142857,5.1,5.8,5.111111111,5.27672956,5.27672956
1RD7A,1RD7B,-,-,-,-,5.571428571,3,5.571428571,3,5.27672956,5.27672956
1RB3A,1RB3B,-,6.5,-,-,5.9375,5.2,6,5,5.27672956,5.27672956
1RB2A,1RB2B,-,6.5,-,-,5.9375,5,5.857142857,4.909090909,5.27672956,5.27672956
1TDUA,1TDUB,9,8.5,9,-,5.615384615,5.698113208,5.647058824,5.388888889,5.143939394,5.143939394
1DDUA,1DDUB,9,8.5,9,-,5.5,5.588235294,5.471698113,5.615384615,5.143939394,5.143939394
1AN5A,1AN5B,8.4,9,9,-,5.357142857,5.830188679,5.309090909,5.8,5.143939394,5.143939394
1AXWA,1AXWB,9,8.5,9,-,5.518518519,5.576923077,5.471698113,5.660377358,5.143939394,5.143939394
3QXVA,3QXVB,-,4,-,-,2.444444444,4.666666667,6.222222222,6,5.739837398,5.739837398
3QXVA,3QXVC,5,4.333333333,-,-,1.8,2.090909091,6.8,7.1,5.739837398,5.739837398
3QXVA,3QXVE,7,6.6,-,7,6.25,5.9375,2.444444444,4,5.739837398,5.637168142
3QXVB,3QXVC,-,-,-,-,6.714285714,7.125,5.6,7.125,5.739837398,5.739837398
3QXVC,3QXVD,-,-,-,-,2.625,4.473684211,6.222222222,5.944444444,5.739837398,5.758064516
3QXUA,3QXUC,2,1.75,9,-,1.916666667,2.647058824,6,6.095238095,5.846774194,5.846774194
3QXUB,3QXUD,-,1,1,1,2.384615385,3.5,5.75,5.9,5.868852459,5.846774194
3QXTA,3QXTB,-,-,-,-,1.636363636,2.142857143,6.133333333,5.85,5.846774194,5.846774194
4L7QA,4L7QB,-,-,-,-,6.5,6.363636364,6.575757576,6.372093023,5.641114983,5.641114983
4L7QA,4L7QC,-,-,-,-,4.416666667,6.176470588,4.272727273,6.333333333,5.641114983,5.641114983
4L7QC,4L7QD,-,7.5,-,-,6.5,6.311111111,6.515151515,6.477272727,5.641114983,5.641114983
4L7QD,4L7QF,-,-,-,-,4.4,6.1875,4.363636364,6.1875,5.641114983,5.641114983
4L7QE,4L7QF,-,-,-,-,6.5,6.363636364,6.4,6.229166667,5.641114983,5.641114983
4L8FA,4L8FB,-,-,-,-,6.441176471,6.477272727,6.441176471,6.355555556,5.662020906,5.662020906
4L8FA,4L8FC,-,-,-,-,3.5,5.461538462,3.866666667,5.411764706,5.662020906,5.662020906
4L8FC,4L8FD,-,-,-,-,6.441176471,6.355555556,6.40625,6.326086957,5.662020906,5.662020906
4L8WB,4L8WD,-,-,-,-,4.3,6.125,4.3,6.125,5.665505226,5.665505226
4L8WB,4L8WG,-,-,-,7.5,6.285714286,6.47826087,6.382352941,6.534883721,5.665505226,5.665505226
4L8WD,4L8WK,-,-,-,-,6.285714286,6.361702128,6.285714286,6.25,5.665505226,5.665505226
4L8WE,4L8WG,-,-,-,-,3.888888889,4.615384615,3.888888889,4.615384615,5.665505226,5.665505226
4L8WE,4L8WI,-,-,-,7.5,6.382352941,6.409090909,6.382352941,6.409090909,5.665505226,5.665505226
4L95C,4L95E,-,-,-,-,4.090909091,6.5,4.090909091,6.333333333,5.665505226,5.665505226
4L95C,4L95G,-,-,-,8,6.28125,6.304347826,6.285714286,6.361702128,5.665505226,5.665505226
4L95E,4L95F,-,-,-,-,6.5,6.609756098,6.382352941,6.288888889,5.665505226,5.665505226
4L95G,4L95M,-,-,-,-,4.3,5.882352941,4.3,6.125,5.665505226,5.665505226
4L95K,4L95M,-,1,-,-,6.375,6.239130435,6.451612903,6.674418605,5.665505226,5.665505226
4QLGA,4QLGB,9,6.75,-,-,5.8,5.090909091,5.875,5.090909091,5.264150943,5.264150943
4QLEA,4QLEB,-,6.75,-,-,5.8,5.4,5.875,5.4,5.308176101,5.308176101
5E8QA,5E8QB,-,-,4,8,5.882352941,5.363636364,5.857142857,5.1,5.27672956,5.27672956
5EAJA,5EAJB,-,-,-,8,5.882352941,5.363636364,5.933333333,5.1,5.27672956,5.27672956
5UJXA,5UJXB,-,-,4,8,5.875,5.5,5.857142857,5.1,5.27672956,5.27672956
1DYHA,1DYHB,-,8,-,-,5.875,5.5,5.857142857,5.1,5.27672956,5.27672956
1JOLA,1JOLB,-,7,-,-,5.882352941,5,5.857142857,5.1,5.27672956,5.27672956
3OCHA,3OCHB,9,7,9,7,5.882352941,5.363636364,5.933333333,5.1,5.27672956,5.27672956
3QXWA,3QXWC,-,-,-,-,6.3,6.15,2,4.777777778,5.758064516,5.781512605
3QXWB,3QXWD,-,-,-,1,6.4,6.052631579,1.9,4.5,5.758064516,5.739837398
3QXWC,3QXWE,-,-,-,-,6.666666667,6.333333333,2,4.4,5.781512605,5.758064516
4L8YA,4L8YB,-,-,-,-,6.441176471,6.355555556,6.40625,6.326086957,5.662020906,5.662020906
4L8YA,4L8YD,-,-,-,-,4.555555556,6,3.6875,4.772727273,5.662020906,5.662020906
4L8YC,4L8YD,-,-,-,-,6.441176471,6.477272727,6.40625,6.326086957,5.662020906,5.662020906
